{
  "rechnungen":[
    {
      "rechnung":{
        "kunde":{
          "knr":"12345",
          "nachname":"Gamdschie",
          "vorname":"Samweis",
          "straße":"Beutelhaldenweg",
          "hausnummer":"5",
          "plz":"67676",
          "ort":"Hobbingen",
          "kundenart":"Privatkunde"
        },
        "bestellungen":[
          {
            "bestellung":{
              "bestellnummer":1,
              "bestelldatum":"20120512 12:30:00",
              "status":"bezahlt",
              "positionen":[
                {
                  "position":{
                    "artikel":{
                      "artikelnummer":"7856",
                      "artikelname":"Silberzwiebel",
                      "einzelpreis":6.15,
                      "währung":"EUR"
                    },
                    "menge":15
                  }
                },
                {
                  "position":{
                    "artikel":{
                      "artikelnummer":"7863",
                      "artikelname":"Tulpenzwiebel",
                      "einzelpreis":32.90,
                      "währung":"EUR"
                    },
                    "menge":10
                  }
                },
                {
                  "position":{
                    "artikel":{
                      "artikelnummer":"9015",
                      "artikelname":"Spaten",
                      "einzelpreis":19.90,
                      "währung":"EUR"
                    },
                    "menge":1
                  }
                }
              ]
            }
          },
          {
            "bestellung":{
              "bestellnummer":2,
              "bestelldatum":"20120530 17:15:00",
              "status":"offen",
              "positionen":[
                {
                  "position":{
                    "artikel":{
                      "artikelnummer":"9010",
                      "artikelname":"Schaufel",
                      "einzelpreis":15.00,
                      "währung":"USD"
                    },
                    "menge":"1"
                  }
                },
                {
                  "position":{
                    "artikel":{
                      "artikelnummer":"9015",
                      "artikelname":"Spaten",
                      "einzelpreis":19.90,
                      "währung":"EUR"
                    },
                    "menge":"1"
                  }
                }
              ]
            }
          }
        ]
      }
    },
    {
      "rechnung":{
        "kunde":{
          "knr":"12346",
          "nachname":"Beutlin",
          "vorname":"Frodo",
          "straße":"Beutelhaldenweg",
          "hausnummer":"1",
          "plz":"67676",
          "ort":"Hobbingen",
          "kundenart":"Privatkunde"
        },
        "bestellungen":[
          {
            "bestellung":{
              "bestellnummer":1,
              "bestelldatum":"20111110 11:15:00",
              "status":"bezahlt",
              "positionen":[
                {
                  "position":{
                    "artikel":{
                      "artikelnummer":"3001",
                      "artikelname":"Papier (100)",
                      "einzelpreis":23.00,
                      "währung":"EUR"
                    },
                    "menge":"10"
                  }
                },
                {
                  "position":{
                    "artikel":{
                      "artikelnummer":"3005",
                      "artikelname":"Tinte (gold)",
                      "einzelpreis":55.70,
                      "währung":"EUR"
                    },
                    "menge":"1"
                  }
                },
                {
                  "position":{
                    "artikel":{
                      "artikelnummer":"3006",
                      "artikelname":"Tinte (rot)",
                      "einzelpreis":6.20,
                      "währung":"EUR"
                    },
                    "menge":"1"
                  }
                },
                {
                  "position":{
                    "artikel":{
                      "artikelnummer":"3010",
                      "artikelname":"Feder",
                      "einzelpreis":25.00,
                      "währung":"EUR"
                    },
                    "menge":"5"
                  }
                }
              ]
            }
          }
        ]
      }
    }
  ]
}