{
  "warenkorb":{
    "kunde_id":"12345",
    "positionen":[
      {
        "position":{
          "artikel":{
            "artikel_id":"7856",
            "artikelname":"Silberzwiebel",
            "einzelpreis":6.15
          },
          "menge":15,
          "gesamtpreis":92.25,
          "währung":"EUR"
        }
      },
      {
        "position":{
          "artikel":{
            "artikel_id":"7863",
            "artikelname":"Tulpenzwiebel",
            "einzelpreis":32.90
          },
          "menge":10,
          "gesamtpreis":329.0,
          "währung":"EUR"
        }
      },
      {
        "position":{
          "artikel":{
            "artikel_id":"9015",
            "artikelname":"Spaten",
            "einzelpreis":19.90
          },
          "menge":1,
          "gesamtpreis":19.90,
          "währung":"EUR"
        }
      }
    ],
    "warenwerte":[
      {
        "EUR":441.15
      }
    ]
  }
}